{
  "FD001": {
    "w": 1.0,
    "mae_hold": 10.33740368387345
  },
  "FD002": {
    "w": 0.0,
    "mae_hold": 17.846952322113268
  },
  "FD003": {
    "w": 1.0,
    "mae_hold": 44.51308155538266
  },
  "FD004": {
    "w": 1.0,
    "mae_hold": 22.574264027664558
  }
}